"ID","Created Date","Updated Date","Owner","capitulo","Nome","Ensinamento","Desc. Personagem","Ocupação","Significado","Local","Resumo do Cap. (84000.co)","Cap. FILE NAME","Cap. URL","QR Code URL","LINK MODEL"
"06d5477d-fbf0-4363-892e-8b4bc860ecf5",2025-07-21T20:00:45Z,2025-07-21T20:01:28Z,"540c04c9-09fc-436f-957a-b842dc06a474",37,"Samanta­sattva­trāṇojaḥ­śrī","A liberação do bodhisattva chamada ""a manifestação da grande compaixão que protege todos os seres e os estabelece na prática"". Este ensinamento foca na compaixão como a raiz de toda a prática do bodhisattva. A deusa demonstra que a verdadeira compaixão não é um sentimento passivo, mas a força motriz que leva um bodhisattva a entrar em todos os reinos e interagir com todos os tipos de seres para aliviar seu sofrimento e guiá-los à iluminação.","Continuando sua jornada através da assembleia de deusas da noite, Sudhana encontra Samanta­sattva­trāṇojaḥ­śrī, cujo nome significa ""Glória do Poder que Protege Todos os Seres"".","Deusa da Noite","Glória da Proteção Universal dos Seres","No bodhimaṇḍa.","Quando Sudhana percorre a curta distância para ver a deusa da noite Samantasattvatrāṇojaḥśrī, ela irradia sobre ele um raio de luz que o faz entrar num samādhi e ver mundos nos átomos do solo, e vê-la aparecer em todos eles para guiar e ajudar os seres através do poder da sua liberação bodhisattvica chamada as manifestações que guiam os seres que aparecem em todos os mundos. Sudhana recita-lhe versos, descrevendo essa visão, e pergunta-lhe quando alcançou essa liberação.","37 SAMANTASATTVATRĀṆOJAḤŚRĪ Stem Array.pdf","https://drive.google.com/file/d/1HW4ukW5J3BIC5zupSFqxaN8MCSJEq9SI/view?usp=drive_link","https://technosutra21.github.io/technosutra/?model=37","https://cdn.statically.io/gh/technosutra21/technosutra/master/modelo37.glb"
"0872f971-abd4-4a3a-90be-39b5c319656a",2025-07-21T20:00:45Z,2025-07-21T20:01:28Z,"540c04c9-09fc-436f-957a-b842dc06a474",8,"Muktaka","A Liberação da ""Exposição Sem Impedimentos"" (unimpeded display). A lição central, revelada através de uma visão milagrosa e de uma instrução direta, é que toda a jornada espiritual, incluindo as visões de Budas e reinos búdicos, é uma manifestação e bênção da própria mente do praticante. Ele ensina que os Budas não vêm de outro lugar, nem o praticante vai a outro lugar; a percepção é como um sonho ou um reflexo. A chave é cultivar a própria mente.","Incontáveis budas, seus feitos, seus reinos e suas pupilas tornam-se visíveis dentro do seu corpo","Comunidade de meditação","Libertado","A cidade de Vanavāsī.","Depois de doze anos, Sudhana chega a Vanavāsī e encontra Muktaka. Muktaka entra num estado de meditação através do poder de retenção chamado a assembleia de todos os reinos búdicos, e incontáveis budas, seus feitos, seus reinos e suas pupilas tornam-se visíveis dentro do seu corpo. Ele sai de sua meditação e afirma que através da liberação chamada exibição desimpedida, ele pode ver qualquer buda em qualquer reino ou tempo que desejar.","08 MUKTAKA Stem Array.pdf","https://drive.google.com/file/d/1_-jrp0CqvsJ5fuHpQkh2Zd7tfrPq_CYy/view?usp=drive_link","https://technosutra21.github.io/technosutra/?model=8","https://cdn.statically.io/gh/technosutra21/technosutra/master/modelo8.glb"
"099a45e2-1232-49a4-ba12-214354495cf5",2025-07-21T20:00:45Z,2025-07-21T20:01:28Z,"540c04c9-09fc-436f-957a-b842dc06a474",19,"Samanta­netra","O portal do Dharma chamado ""as formas de perfume que satisfazem todos os seres"". Samantanetra domina o conhecimento de todos os perfumes e suas propriedades curativas. Ele ensina que a verdadeira compaixão começa com a cura do sofrimento físico. Após curar os doentes, ele lhes oferece ensinamentos do Dharma perfeitamente adaptados para purificar suas aflições mentais (desejo, raiva, ignorância). Seu conhecimento também se estende a perfumes sagrados que, quando usados como oferenda, podem alcançar e honrar todos os budas do universo.","Sudhana encontra Samantanetra em sua loja, onde ele não apenas vende perfumes, mas aplica um profundo conhecimento de fragrâncias e medicina para curar todos os tipos de doenças (físicas, mentais e espirituais).","Perfumista","Olhos Universais","Uma loja de perfumes na cidade de Samantamukha, na terra de Vetramūlaka.","Sudhana encontra Samantanetra numa loja de perfumes no meio da cidade. Samantanetra descreve como ele pode curar todas as doenças, curar os seres e colocá-los no caminho da iluminação. Ele também é capaz de fazer uma oferenda de perfume a todos os reinos búdicos. Entretanto, seu conhecimento é limitado a este portal chamado as formas de perfume que satisfazem todos os seres e através das quais, de todas as maneiras, se faz oferendas e se honra os budas.","19 SAMANTANETRA Stem Array.pdf","https://drive.google.com/file/d/1wBrJ7brrwUuAOH4vJxK2eOVA271JM0YY/view?usp=drive_link","https://technosutra21.github.io/technosutra/?model=19","https://cdn.statically.io/gh/technosutra21/technosutra/master/modelo19.glb"
"183b3cd1-eaf1-4aa5-bef1-b3b91ef40a87",2025-07-21T20:00:45Z,2025-07-21T20:01:28Z,"540c04c9-09fc-436f-957a-b842dc06a474",2,"Samanta­bhadra ","Após o Buda entrar no samādhi ""O Rugido do Leão"", o bodhisattva Samantabhadra assume a liderança para explicar a profundidade desse estado à assembleia.",,"Bodhisattva","Completamente Bom","Jetavana, no parque de Anāthapiṇḍada em Śrāvastī.","O bodhisattva Samantabhadra recita versos para os bodhisattvas descrevendo a inconcebível penetração dos fenómenos pelos budas. Além disso, o Buda, ainda em samādhi, emana um raio de luz de entre as suas sobrancelhas para que os bodhisattvas possam ver esses incontáveis reinos búdicos, e num estado de grande alegria os bodhisattvas emanam inúmeras manifestações.","02 SAMANTABHADRA Stem Array.pdf","https://drive.google.com/file/d/1QYST-3K_N-uUSpWA5sa-G5ovCHA-gfU2/view?usp=drive_link","https://technosutra21.github.io/technosutra/?model=2","https://cdn.statically.io/gh/technosutra21/technosutra/master/modelo2.glb"
"1af034bc-1daf-43fb-b14c-3286b75a02d4",2025-07-21T20:00:45Z,2025-07-21T20:01:28Z,"540c04c9-09fc-436f-957a-b842dc06a474",6,"Supratiṣṭhita","A Liberação do ""Portal Sem Impedimentos"" (unimpeded gateway). A realização de Supratiṣṭhita é a ""luz da sabedoria chamada o ápice sem impedimentos"", que se baseia na ""presença sem substância"" e lhe confere poderes miraculosos não-compostos. Isso resulta na ausência total de obstáculos para conhecer as mentes de todos os seres, o passado e o futuro, e para viajar e fazer oferendas a todos os Budas no universo em um único instante.","Sudhana encontra Supratiṣṭhita não em terra, mas caminhando no céu, como o centro de uma vasta procissão cósmica, sendo reverenciado com oferendas por uma imensa assembleia de seres celestiais e mitológicos que o acompanham.","Monge","Firmemente Estabelecido","Sāgaratīra, na região de Laṅka.","Sudhana procura Supratiṣṭhita e, por fim, vê-o caminhando no céu acompanhado por uma vasta reunião de vários tipos de divindades, que lhe prestam homenagem. Supratiṣṭhita afirma que ele alcançou uma sabedoria chamada o ápice desimpedido, de modo que ele conhece vidas passadas, todos os budas passados, todas as línguas, quando guiar os seres, e assim por diante, e pode realizar todos os tipos de milagres.","06 SUPRATIṢṬHITA Stem Array.pdf","https://drive.google.com/file/d/1VwEshXbZ0N1UwJJTx_U1XZC14U1NapKi/view?usp=drive_link","https://technosutra21.github.io/technosutra/?model=6","https://cdn.statically.io/gh/technosutra21/technosutra/master/modelo6.glb"
"1cc440e1-8887-4855-9539-7973af2c863b",2025-07-21T20:00:45Z,2025-07-21T20:01:28Z,"540c04c9-09fc-436f-957a-b842dc06a474",25,"Vaira","A conduta do bodhisattva chamada o ""estandarte da grande compaixão"" e a liberação de ""lembrar de permanecer com audição e visão frutíferas"". Vaira ensina que, assim como ele guia os comerciantes com segurança para as ilhas de tesouros materiais, ele também guia todos os seres através do perigoso oceano do saṃsāra para a ""ilha de joias"" da onisciência. Seu conhecimento abrange tanto os perigos físicos do mar (redemoinhos, monstros) quanto os perigos espirituais (apego, ignorância).","Marinheiro","Marinheiro","Diamante","A cidade costeira de Kūṭāgāra.","Sudhana vai para a cidade de Kūṭāgāra e encontra o marinheiro Vaira no portão da cidade, na costa do oceano, onde ele está contando histórias do mar para cem mil comerciantes e muitas centenas de milhares de outras pessoas, descrevendo as qualidades do Buda. Ele diz a Sudhana que pratica a conduta de bodhisattva chamada bandeira da grande compaixão, ajuda os seres de várias maneiras, conhece a localização de ilhas e tesouros e as formas de navegar no oceano, e conduz os seres à iluminação através de seus ensinamentos.","25 VAIRA Stem Array.pdf","https://drive.google.com/file/d/1DMLHMUO6qOq1EiIoMS4WtuIryK4bGODq/view?usp=drive_link","https://technosutra21.github.io/technosutra/?model=25","https://cdn.statically.io/gh/technosutra21/technosutra/master/modelo25.glb"
"1e7a9869-5146-4f72-ba33-be0aa8655713",2025-07-21T20:00:45Z,2025-07-21T20:01:28Z,"540c04c9-09fc-436f-957a-b842dc06a474",15,"Indriyeśvara","O portal da sabedoria chamado ""clarividência em todas as artes"". Este ensinamento revela que um bodhisattva pode dominar todas as formas de conhecimento mundano — desde a matemática e engenharia até a medicina e a agricultura — e usá-las como meios hábeis para guiar os seres. O ensinamento culmina em uma lição sobre a matemática dos bodhisattvas, que expande a mente para conceber a infinidade.","Mestre das Faculdades","Menino","Senhor das Faculdades","A confluência de rios na cidade de Sumukha, na terra de Śramaṇa-maṇḍala.","Sudhana encontra Indriyeśvara brincando na areia com outras dez mil crianças. Indriyeśvara conta a Sudhana que foi aluno de Mañjuśrī e dominou todos os tipos de ramos do conhecimento. Em particular, ele relata longamente o sistema de enumeração que os bodhisattvas usam. Entretanto, seu conhecimento é limitado a esse portal chamado a sabedoria que possui clarividência em todos os ofícios.","15 INDRIYEŚVARA Stem Array.pdf","https://drive.google.com/file/d/17_oNk0Fqy0SS8ZYX9S5nogGaTzrrQxmx/view?usp=drive_link","https://technosutra21.github.io/technosutra/?model=15","https://cdn.statically.io/gh/technosutra21/technosutra/master/modelo15.glb"
"21905620-ec47-479b-ae9b-13e8516d1862",2025-07-21T20:00:45Z,2025-07-21T20:01:28Z,"540c04c9-09fc-436f-957a-b842dc06a474",7,"Megha","A Liberação através do ""Poder de Retenção de Sarasvatī"". Esta realização confere a Megha o conhecimento completo de todas as linguagens (divinas, humanas, animais, etc.) em incontáveis reinos. Ele pode compreender a fala de todos os Budas dos três tempos e ensinar o Dharma de forma perfeitamente adaptada a cada ser.","Sudhana encontra Megha em um pátio, sentado em um trono de leão, ensinando a ""exibição da roda giratória das sílabas"" para uma assembleia de dez mil seres.","Gramático","Nuvem","A cidade de Vajrapura, na terra de Draviḍa.","Sudhana encontra Megha ensinando num trono, num pátio da cidade de Vajrapura. Megha desce do seu trono e faz muitas oferendas a Sudhana. Ele louva os bodhisattvas através de várias analogias, e raios de luz brilham de sua boca, espalhando-se por todo o universo. Muitas divindades de vários tipos vêm para ouvir. Então Megha senta-se novamente em seu trono e afirma que alcançou o poder de retenção de Sarasvatī, de modo que conhece as línguas de todos os diferentes tipos de deidades e outros seres em todos os mundos.","07 MEGHA Stem Array.pdf","https://drive.google.com/file/d/1dIzDu58w9WJAeZO2OVB1R30Pf9lVzgup/view?usp=drive_link","https://technosutra21.github.io/technosutra/?model=7","https://cdn.statically.io/gh/technosutra21/technosutra/master/modelo7.glb"
"22b4a475-1792-4833-9998-a90d6c95a228",2025-07-21T20:00:45Z,2025-07-21T20:01:28Z,"540c04c9-09fc-436f-957a-b842dc06a474",35,"Samanta­gambhīra­śrī­vimala­prabhā","A liberação do bodhisattva chamada ""completa subjugação através da bem-aventurança da paz de śamatha"". A deusa ensina a Sudhana dez qualidades essenciais para a prática do bodhisattva, incluindo a percepção direta dos tathāgatas, a visão de seus corpos, a compreensão de seus oceanos de qualidades, luzes, emanações e ensinamentos. Sua própria liberação lhe permite perceber que os budas são, em sua verdadeira natureza, não-nascidos, incessantes e como uma ilusão — transcendendo os conceitos de existência e não-existência.","Sudhana encontra outra deusa da noite que personifica a profundidade da meditação (śamatha) e a visão clara da natureza dos budas.","Deusa da Noite","Glória Profunda Universal Imaculada","No bodhimaṇḍa, na terra de Magadha, próximo a Vāsantī.","Sudhana retorna ao bodhimaṇḍa e vê a deusa da noite Samantagambhīraśrīvimalaprabhā. Ela o instruiu sobre as dez qualidades que os bodhisattvas precisam alcançar. Ela afirma que alcançou a liberação bodhisattvica chamada subjugação completa através da bem-aventurança da paz de śamatha, através da qual ela pode ver todos os budas dos três tempos, receber todos os seus ensinamentos e amadurecer os seres de várias maneiras.","35 SAMANTAGAMBHĪRAŚRĪVIMALAPRABHĀ Stem Array.pdf","https://drive.google.com/file/d/1-nzNFOAyOVpC2hIcFuHy-Hd320paSYyK/view?usp=drive_link","https://technosutra21.github.io/technosutra/?model=35","https://cdn.statically.io/gh/technosutra21/technosutra/master/modelo35.glb"
"2699a8ed-a9e5-4ca5-9307-720201daa77f",2025-07-21T20:00:45Z,2025-07-21T20:01:28Z,"540c04c9-09fc-436f-957a-b842dc06a474",52,"Śivarāgra","Śivarāgra ensina sobre a ""conduta fortalecida pela verdade"" (conduct empowered by truth). Ele explica que possui a ""fala da verdade"", um poder que torna os bodhisattvas irreversíveis no caminho para a iluminação. Através da força dessa fala, qualquer desejo que ele formule para que uma necessidade seja atendida, é realizado.","Sudhana chega à vila de Dharma, encontra o brâmane Śivarāgra, presta as homenagens e faz sua pergunta sobre a conduta do bodhisattva.","Brâmane","Pico Auspicioso","A vila chamada Dharma, na região sul.","Sudhana encontra o brâmane Śivarāgra, que alcançou o poder da fala da verdade que realiza desejos.","52 ŚIVARĀGRA Stem Array.pdf","https://drive.google.com/file/d/1W7iNLBkDpCzvDz-b1dVYmLvGwv_VgyBU/view?usp=drive_link,","https://technosutra21.github.io/technosutra/?model=52","https://cdn.statically.io/gh/technosutra21/technosutra/master/modelo52.glb"
"2cb6df84-55f0-4d45-a2a5-eb46a9a17050",2025-07-21T20:00:45Z,2025-07-21T20:01:28Z,"540c04c9-09fc-436f-957a-b842dc06a474",23,"Sarvagamin","A conduta do bodhisattva ""onipresente"" e o samādhi da ""luz da prática de todos os portais"". Sarvagamin ensina que sua prática é ir a todos os lugares, manifestando-se em formas perfeitamente adaptadas para guiar todos os tipos de seres, desde aqueles que aspiram ao Mahāyāna até os seguidores das 96 diferentes visões heréticas, levando cada um ao seu próprio nível de amadurecimento.","Ao anoitecer, Sudhana encontra Sarvagamin no topo de uma colina brilhante, sendo reverenciado por dez mil brâmanes que o circum-ambulam.","Mendicante","Aquele que Vai a Todos os Lugares","O topo da colina Sulabha, perto da cidade de Tosala, na terra de Amitatosala.","Depois de uma longa viagem, Sudhana chega à cidade de Tosala na terra chamada Amitatosala. Tendo procurado pela cidade, ele vai até uma colina brilhante chamada Sulabha ao norte da cidade. Em seu cume, ele encontra Sarvagamin sendo honrado por dez mil brâmanes. Sarvagamin descreve como, através do samādhi chamado luz da prática de todos os portais, ele pode beneficiar os seres de muitas maneiras, em muitos mundos.","23 SARVAGAMIN Stem Array.pdf","https://drive.google.com/file/d/1V84Td7uVeuhqhUKwSNKL8CHMZ2eyUza0/view?usp=drive_link","https://technosutra21.github.io/technosutra/?model=23","https://cdn.statically.io/gh/technosutra21/technosutra/master/modelo23.glb"
"31d9ba4f-36c1-439e-940f-f93a9e9c0659",2025-07-21T20:00:45Z,2025-07-21T20:01:28Z,"540c04c9-09fc-436f-957a-b842dc06a474",47,"Śilpābhijña","A liberação do bodhisattva chamada ""conhecimento superior das artes"" (higher knowledge of the arts). O núcleo do ensinamento é como a prática mais fundamental - o estudo do alfabeto - se torna um portal para a perfeição da sabedoria. Śilpābhijña demonstra como a recitação de cada uma das 42 letras do alfabeto (A, Ra, Pa, Ca, Na, etc.) o levou a realizar um ""portal para a perfeição da sabedoria"" específico e profundo, cada um com um nome poético e esotérico (ex: ""o campo de vajra"", ""a essência do oceano"", ""a cessação de todo tormento"").","Seguindo a orientação de Viśvāmitra, Sudhana vai até Śilpābhijña e, após as saudações formais, pede para ser instruído sobre a conduta do bodhisattva.","Mestre de letras","Conhecedor das Artes","Não especificada, mas Sudhana o encontra após falar com Viśvāmitra.","Śilpābhijña diz a Sudhana que ele alcançou a liberação bodhisattvica chamada conhecimento superior das artes e descreve as várias realizações da perfeição da sabedoria que ele alcançou através da recitação das letras do alfabeto Arapacana.","47 ŚILPĀBHIJÑA Stem Array.pdf","https://drive.google.com/file/d/1US-CI_jW82V6-eW1wfG6MPK3u7omKcYX/view?usp=drive_link,","https://technosutra21.github.io/technosutra/?model=47","https://cdn.statically.io/gh/technosutra21/technosutra/master/modelo47.glb"
"31efb807-9dcb-4dfd-ad40-8292d9cbfe07",2025-07-21T20:00:45Z,2025-07-21T20:01:28Z,"540c04c9-09fc-436f-957a-b842dc06a474",55,"Manjushri","O ensinamento é um encorajamento final. Mañjuśrī elogia Sudhana, dizendo ""Bem feito, bem feito!"", e explica que aqueles com fé fraca, mentes cansadas, pouca diligência, ou que não são cuidados por kalyāṇamitras, não seriam capazes de conhecer a verdadeira natureza dos fenômenos ou entrar no tipo de caminho e campo de atividade que Sudhana experienciou.","Depois de deixar Maitreya, Sudhana está na cidade de Sumanāmukha, pensando e procurando por Mañjuśrī, aspirando vê-lo.","Bodhisattva","Senhor da Sabedoria","Sudhana está na cidade de Sumanāmukha, enquanto Mañjuśrī está a uma distância de 110 yojanas.","Sudhana passa por cento e dez cidades até chegar a um distrito chamado Sumanāmukha. Mañjuśrī está longe‍- cento e dez yojanas‍- mas estende a mão e a coloca sobre a cabeça de Sudhana o louvando, ensina e abençoa, de modo que Sudhana obtém muitas realizações.","55 MAÑJUŚRĪ Stem Array.pdf","https://drive.google.com/file/d/1309vcohQoA9cXI5n6oPP8hz49nUqjiyP/view?usp=drive_link,","https://technosutra21.github.io/technosutra/?model=55","https://cdn.statically.io/gh/technosutra21/technosutra/master/modelo55.glb"
"3a397dd5-7ea6-45e1-85eb-139190f0a547",2025-07-21T20:00:45Z,2025-07-21T20:01:28Z,"540c04c9-09fc-436f-957a-b842dc06a474",16,"Jayoṣmāyatana","A liberação do bodhisattva chamada ""a exibição incessante do tesouro do mérito"". Este ensinamento demonstra o poder da generosidade ilimitada, mostrando que o mérito de um bodhisattva pode se manifestar como uma fonte inesgotável que satisfaz todas as necessidades físicas e espirituais de todos os seres, sem nunca se esgotar.","Sudhana encontra Prabhūtā, uma jovem donzela de beleza estonteante, sentada em uma casa que, embora pareça simples, pode acomodar um número infinito de seres.","Mulher leiga","Abundante","Uma casa na cidade de Samudra-pratiṣṭhāna.","Sudhana encontra a jovem Prabhūtā em uma casa maravilhosa, vestindo um simples manto branco e sem jóias, com apenas um pequeno pote diante de si e nenhuma outra provisão em sua casa. Dez mil belas donzelas estão presentes como suas assistentes. Ela diz a Sudhana que alcançou a liberação bodhisattvica chamada a exibição incessante do tesouro do mérito. Através disso, ela é capaz de fornecer a incontáveis seres, em todas as direcções, tudo o que desejarem do seu pequeno pote.","16 PRABHŪTĀ Stem Array.pdf","https://drive.google.com/file/d/1w4KsT08gEWVgqk8rm13D6t4I_pLSVLNY/view?usp=drive_link","https://technosutra21.github.io/technosutra/?model=16","https://cdn.statically.io/gh/technosutra21/technosutra/master/modelo16.glb"
"3a836769-2bb2-4290-ac96-9bf228a39ce8",2025-07-21T20:00:45Z,2025-07-21T20:01:28Z,"540c04c9-09fc-436f-957a-b842dc06a474",54,"Maitreya","A liberação do bodhisattva chamada ""o tesouro do conhecimento que surge da entrada em todos os campos de samādhi e que está em conformidade com o campo da sabedoria sem impedimentos"". Em vez de um discurso, Maitreya ensina através de uma experiência direta. Ele estala os dedos, as portas do pavilhão se abrem, e ele convida Sudhana a entrar. A instrução é a própria visão dentro da torre.","Sudhana chega ao portal do grande pavilhão e, compreendendo ser a morada de um grande bodhisattva, se engaja em uma longa e profunda meditação e reverência, louvando o pavilhão com uma extensa série de reflexões e um longo poema de 55 versos.","Bodhisattva","Amigo Amoroso","O grande pavilhão (kūṭāgāra) chamado Vairocana-vyūhālaṃkāra-garbha, dentro do parque Mahāvyūha, na província de Samudrakaccha.","Sudhana, em um estado de grande realização espiritual, prostra-se à porta do kūṭāgāra chamado Vairocanavyūhālaṃkāragarbha e depois o circunavega muitas centenas de milhares de vezes. Ele enumera primeiro em prosa e depois em verso as muitas qualidades inconcebíveis dos bodhisattvas que têm este kūṭāgāra como sua residência. Então, ele vê Maitreya chegando com uma vasta comitiva. Maitreya dá-lhe as boas-vindas em verso, elogiando-o, descrevendo sua motivação para vir até ali e dando-lhe instruções.","54 MAITREYA Stem Array.pdf","https://drive.google.com/file/d/13QCNAUv9uAnZh05Q4Sg4rs-Dkr5zYchz/view?usp=drive_link,","https://technosutra21.github.io/technosutra/?model=54","https://cdn.statically.io/gh/technosutra21/technosutra/master/modelo54.glb"
"3a869271-9126-438a-a134-f42e95f0592e",2025-07-21T20:00:45Z,2025-07-21T20:01:28Z,"540c04c9-09fc-436f-957a-b842dc06a474",49,"Muktāsāra","Muktāsāra afirma conhecer a liberação do bodhisattva chamada ""a exibição da memória pura e desimpedida"" (the display of pure unimpeded memory). Ele acrescenta que busca continuamente o Dharma aos pés dos tathāgatas nas dez direções.","Sudhana viaja para a cidade de Bharukaccha, encontra o ourives Muktāsāra, presta as homenagens e faz sua pergunta sobre como um bodhisattva deve treinar.","Ourives","Essência da Liberação","A cidade de Bharukaccha, na região sul.","Sudhana encontra o ourives Muktāsāra na cidade do sul de Bharukaccha. Muktāsāra diz que alcançou a liberação bodhisattvica chamada exibição da memória pura e desimpedida, e procura continuamente o Dharma aos pés dos tathāgatas, nas dez direções.","49 MUKTĀSĀRA Stem Array.pdf","https://drive.google.com/file/d/11UHAwjXBhI6mY9mBuUa9d_cysRw6EC6a/view?usp=drive_link","https://technosutra21.github.io/technosutra/?model=49","https://cdn.statically.io/gh/technosutra21/technosutra/master/modelo49.glb"
"3de163fe-7bb6-411e-9af3-8dbc2f0ca059",2025-07-21T20:00:45Z,2025-07-21T20:01:28Z,"540c04c9-09fc-436f-957a-b842dc06a474",39,"Sarva­nagara­rakṣā­saṃbhava­tejaḥ­śrī","A liberação do bodhisattva chamada ""a entrada em sons belos e manifestações profundas"". Esta liberação permite que ela atue como uma `dharmabhāṇaka` (pregadora do Dharma) em um nível sem impedimentos. Sua prática se baseia em dez compreensões profundas do reino dos fenômenos (dharmadhātu) e no domínio de dez mil portais de retenção mental (dhāraṇīs) para ensinar o Dharma, guiar todos os seres e preservar a linhagem dos Tathāgatas.","Sudhana se aproxima da deusa, cujo corpo se manifesta simultaneamente em todas as direções, aparecendo diante de todos os seres de forma adaptada para guiá-los e amadurecê-los.","Deusa da Noite","A Glória do Esplendor Nascido da Proteção de Todas as Cidades","Sudhana a encontra sentada em um grande trono de lótus, com um séquito de incontáveis deusas da noite.","Sudhana vê a deusa da noite Sarvanagararakṣāsaṃbhavatejaḥśrī sentada em um trono de lótus e tendo um corpo que pode aparecer e se comunicar com todos os seres. Ela diz a ele que alcançou a liberação bodhisattvica chamada entrada em belos sons e manifestações profundas. Ela descreve como guia os seres, ensinando o Dharma de várias maneiras, e como vê o reino dos fenômenos de dez maneiras e ensina através de milhares de poderes de retenção mental, dez dos quais ela lista.","39 SARVANAGARARAKṢĀSAṂBHAVATEJAḤŚRĪ Stem Array.pdf","https://drive.google.com/file/d/1MpF-hIcWTaSFsUo-0yF8euMmwL3rf4Gt/view?usp=drive_link","https://technosutra21.github.io/technosutra/?model=39","https://cdn.statically.io/gh/technosutra21/technosutra/master/modelo39.glb"
"485f537e-714b-4b13-b1b9-676186e7dfef",2025-07-21T20:00:45Z,2025-07-21T20:01:28Z,"540c04c9-09fc-436f-957a-b842dc06a474",38,"Praśanta­ruta­sāgara­vatī","A liberação do bodhisattva chamada ""a exibição em cada instante mental do surgimento do poder de vasta alegria"". O ensinamento central é que a alegria de um bodhisattva surge da contemplação da vastidão da atividade dos budas e de sua própria capacidade de beneficiar os seres. Ela explica que sua prática é eliminar o sofrimento e a infelicidade e, em seguida, guiar os seres para o deleite do Dharma, culminando na felicidade suprema da onisciência.","Sudhana encontra a próxima deusa da noite, cujo nome significa ""Aquela Cujo Som é Pacífico como o Oceano"", e ela o ensina sobre a alegria que surge da visão da atividade búdica.","Deusa da Noite","Aquela que Possui o Oceano de Sons Pacíficos","No bodhimaṇḍa.","Sudhana dirige-se diretamente à deusa da noite Praśantarutasāgaravatī, que lhe diz ter atingido a liberação bodhisattvica, chamada a exibição em cada instante da mente do surgimento do poder do vasto deleite. Ela explica que ensina o Dharma em todos os lugares de várias maneiras aos seres e que pode ver todos os bodhisattvas onde quer que estejam e o que quer que estejam fazendo. Em particular, vê o Buda, a quem ela chama de Vairocana, a cada instante irradia raios de luz por toda parte que assumem várias formas para guiar os seres, e ver isso lhe dá grande prazer.","38 PRAŚANTARUTASĀGARAVATĪ Stem Array.pdf","https://drive.google.com/file/d/15tyjojZnCqiRGA5xid3poDrtBIoWpgwi/view?usp=drive_link","https://technosutra21.github.io/technosutra/?model=38","https://cdn.statically.io/gh/technosutra21/technosutra/master/modelo38.glb"
"48897e6c-e4ed-4996-8de9-2cff93ff35f6",2025-07-21T20:00:45Z,2025-07-21T20:01:28Z,"540c04c9-09fc-436f-957a-b842dc06a474",22,"Acalā","Acalā ensina a liberação chamada ""a essência da sabedoria difícil de alcançar"" (the essence of the wisdom that is difficult to attain) e o samādhi da ""busca incansável pelo Dharma"" (the display of the tireless search for the Dharma). Seu ensinamento central é sobre a força de uma aspiração inicial inabalável. Ela narra como, em uma vida passada há incontáveis kalpas, a visão do Buda Pralambabāhu a inspirou a desenvolver uma motivação tão poderosa que, desde então, ela nunca mais teve um pensamento de desejo, raiva, ou ego, nem mesmo em sonhos ou no estado entre vidas.","Sudhana encontra Acalā na casa de seus pais.","Mulher leiga","Imóvel, Firme","A cidade de Sthirā.","Sudhana chega à cidade de Sthirā e encontra a upāsikā Acalā em casa com seus pais, numa casa que brilha com uma luz dourada que faz Sudhana entrar em estados de samādhi. Ela é extremamente bela, brilhando com luz, e tem um aroma excepcional. Acalā descreve a sua vida passada como uma princesa durante o tempo do Buda Pralambabāhu. Uma noite, ela o viu brilhando no céu e, desde então, seguiu suas instruções por muitos kalpas.","22 ACALĀ Stem Array.pdf","https://drive.google.com/file/d/1O95SwV5Drgwv6MiH4KFvES4ySxTMJoar/view?usp=drive_link","https://technosutra21.github.io/technosutra/?model=22","https://cdn.statically.io/gh/technosutra21/technosutra/master/modelo22.glb"
"49535b88-d4a2-4320-b9d6-32eae335d43b",2025-07-21T20:00:45Z,2025-07-21T20:01:28Z,"540c04c9-09fc-436f-957a-b842dc06a474",13,"Maitrayaṇī","O portal para a perfeição da sabedoria chamado ""a exibição completa"". Este ensinamento é uma experiência direta que revela como a realização de um kalyāṇamitra pode conter e refletir a totalidade do Dharma, servindo como um portal para incontáveis outros ensinamentos.","Sudhana chega a um palácio de magnificência inconcebível, com pisos de cristal e pilares de berilo.","Menina","Amizade Feminina","O palácio Vairocana-garbha (""Matriz da Iluminação de Vairocana"") na cidade de Siṃha-vijṛmbhita.","Sudhana encontra a princesa Maitrayaṇī com uma comitiva de quinhentas donzelas num palácio milagroso. Ela instrui Sudhana a olhar ao redor do palácio, e vê inúmeros budas em cada objeto. Ela diz a Sudhana que alcançou o portal de entrada para a perfeição da sabedoria chamada a exibição completa da memória.","13 MAITRAYAṆĪ Stem Array.pdf","https://drive.google.com/file/d/1iOVZZm6vzqPfAwVpjr5z7XOf7RiqlJbz/view?usp=drive_link","https://technosutra21.github.io/technosutra/?model=13","https://cdn.statically.io/gh/technosutra21/technosutra/master/modelo13.glb"
"4ab7d898-8ded-440d-86f6-b38866cb1102",2025-07-21T20:00:45Z,2025-07-21T20:01:28Z,"540c04c9-09fc-436f-957a-b842dc06a474",48,"Bhadrottamā","Bhadrottamā afirma que conhece e ensina um ensinamento do Dharma chamado ""O Campo Sem Localização"" (The Field without Location). Ela alcançou um samādhi (estado meditativo) chamado ""sem impedimentos"" (unimpeded).","Sudhana viaja para a cidade de Vartanaka, aproxima-se de Bhadrottamā, presta as homenagens habituais e pede para ser ensinado sobre a conduta do bodhisattva.","Mulher leiga","Mulher Supremamente Excelente","A cidade chamada Vartanaka, na região de Kevalaka.","Sudhana encontra Bhadrottamā, descrita simplesmente como uma kalyāṇamitra. Ela afirma que alcançou o samādhi chamado desimpedido, através do qual ela tem sentidos desimpedidos e outros atributos de onisciência.","48 BHADROTTAMĀ.pdf","https://drive.google.com/file/d/1jV5ZY9LvrniDIdS5GWV9xlmVGxA7ODwT/view?usp=drive_link,","https://technosutra21.github.io/technosutra/?model=48","https://cdn.statically.io/gh/technosutra21/technosutra/master/modelo48.glb"
"51f92d3d-fc35-4209-b27d-d97da989a9e9",2025-07-21T20:00:45Z,2025-07-21T20:01:28Z,"540c04c9-09fc-436f-957a-b842dc06a474",14,"Sudarśana","A liberação do bodhisattva chamada a ""lâmpada da sabedoria que nunca se extingue"". O ensinamento demonstra como uma única aspiração, mantida com dedicação através de incontáveis vidas, pode unificar a prática e culminar em uma visão simultânea de todos os reinos búdicos, ensinamentos e condutas.","Meditação em pé na floresta","Mendicante","Belo de se ver","Uma densa floresta na terra de Trinayana.","Depois de uma longa busca, Sudhana encontra o monge Sudarśana auxiliado por devas enquanto pratica meditação andando numa floresta. Ele diz a Sudhana que, durante sua vida, ele foi aluno de inúmeros budas por vastos períodos de tempo e percebe inúmeros budas enquanto pratica sua meditação andando. Entretanto, seu conhecimento é limitado a essa liberação bodhisattvica chamada lâmpada da sabedoria que nunca se extingue.","14 SUDARŚANA Stem Array.pdf","https://drive.google.com/file/d/1dMKRZBDONzsv_qoP2fNLtpaIs1hH_pdY/view?usp=drive_link","https://technosutra21.github.io/technosutra/?model=14","https://cdn.statically.io/gh/technosutra21/technosutra/master/modelo14.glb"
"5697bc9a-c3f9-4c29-ac7e-43e7580e4b2e",2025-07-21T20:00:45Z,2025-07-21T20:01:28Z,"540c04c9-09fc-436f-957a-b842dc06a474",24,"Utpalabhūti","O conhecimento de todos os perfumes e suas propriedades. Utpalabhūti ensina como as fragrâncias podem ser usadas para curar doenças, dissipar estados mentais negativos e induzir experiências espirituais. Ele conhece perfumes específicos para cada propósito, desde gerar felicidade mundana até inspirar a lembrança dos budas e a renúncia ao desejo.","Sudhana encontra Utpalabhūti, um especialista que conhece a fundo todos os tipos de fragrâncias e seus efeitos transformadores.","Perfumista","Manifestação do Lótus Azul ","A terra de Pṛthurāṣṭra.","Sudhana chega à terra chamada Pṛthurāṣṭra e encontra o comerciante de perfumes Utpalabhūti, que conta a Sudhana sobre seu domínio de perfumes que têm efeitos mágicos e espirituais.","24 UTPALABHŪTI Stem Array.pdf","https://drive.google.com/file/d/1LJpoqMIkKoDkjofsglBNd7cfPlXw_txH/view?usp=drive_link","https://technosutra21.github.io/technosutra/?model=24","https://cdn.statically.io/gh/technosutra21/technosutra/master/modelo24.glb"
"574e7639-3ee7-4218-9806-161fb88ab98d",2025-07-21T20:00:45Z,2025-07-21T20:01:28Z,"540c04c9-09fc-436f-957a-b842dc06a474",21,"Mahāprabha","A conduta do bodhisattva chamada o ""estandarte do grande amor"" e o samādhi correspondente, ""exercer poder sobre o mundo através da motivação de grande amor"". Mahāprabha ensina que o amor incondicional é a força mais poderosa para governar e transformar a sociedade. Seu método consiste em primeiro satisfazer todas as necessidades materiais de seus súditos e, em seguida, guiá-los para o Dharma, eliminando as causas do conflito e do sofrimento.","Sudhana entra na cidade mais espetacular de sua jornada e encontra o Rei Mahāprabha, que governa não pela força, mas através do poder transformador do amor universal.","Rei","Grande Luz","A cidade de Suprabha, descrita como uma utopia de magnificência inconcebível, com sete fossos de joias, sete muralhas de diamantes, e milhões de palácios e pavilhões celestiais.","Depois de uma longa busca, Sudhana encontra a cidade de Suprabha, que parece ser milagrosamente feita de materiais preciosos. Ele encontra o rei Mahāprabha sentado num trono na cidade, junto com grandes quantidades de bens, animais e mulheres dispostos como presentes. O rei Mahāprabha diz a Sudhana que ele alcançou a conduta de bodhisattva chamada estandarte do grande amor de inúmeros budas e fornece a todos no seu reino tudo o que desejarem.","21 MAHĀPRABHA Stem Array.pdf","https://drive.google.com/file/d/1WxwwnQ2gdb8KcnJ35IJYXNXeXiyc4OVC/view?usp=drive_link","https://technosutra21.github.io/technosutra/?model=21","https://cdn.statically.io/gh/technosutra21/technosutra/master/modelo21.glb"
"60bd04bf-b8a7-4e60-8ebf-8d1fedd8d72e",2025-07-21T20:00:45Z,2025-07-21T20:01:28Z,"540c04c9-09fc-436f-957a-b842dc06a474",41,"Sarva­jagad­rakṣā­praṇidhāna­vīrya­prabhā","A liberação do bodhisattva chamada ""a origem das raízes de mérito que inspiram o amadurecimento de todos os seres"". O ensinamento central é sobre o poder da compaixão sacrificial. A deusa narra sua própria história de uma vida passada, há incontáveis kalpas, como o príncipe Vijitāvin. Movido por uma compaixão avassaladora, o príncipe se ofereceu para ser executado no lugar de milhares de criminosos que seu pai, o rei, havia aprisionado, a fim de libertá-los.","Sudhana encontra a deusa, cujo corpo manifesta a totalidade do cosmos (sol, lua, estrelas) e aparece de forma adaptada a todos os seres.","Deusa da Noite","Luz do Vigor dos Votos para Proteger Todo o Mundo","No bodhimaṇḍa, no meio de seu séquito.","Sudhana vê Sarvajagadrakṣāpraṇidhānavīryaprabhā com a imagem de todas as estrelas, e todo o resto, em seu corpo. Ela manifesta corpos de várias formas para os seres em todo o reino dos fenômenos. Olhando para ela, Sudhana alcança dez percepções puras e numerosas ""semelhanças"" com os bodhisattvas. Sudhana dirige-se a ela em verso, e ela diz-lhe que alcançou a liberação bodhisattvica chamada a origem das raízes do mérito que inspiram o amadurecimento de todos os seres. Isso significa que, tendo realizado a irrealidade dos fenômenos, ela pode manifestar-se de qualquer forma milagrosa para beneficiar os seres a cada instante.","41 SARVAJAGADRAKṢĀPRAṆIDHĀNAVĪRYAPRABHĀ Stem Array.pdf","https://drive.google.com/file/d/1XpVIyv22-XsSSLvFK9qkzLtLd1ToBTZB/view?usp=drive_link","https://technosutra21.github.io/technosutra/?model=41","https://cdn.statically.io/gh/technosutra21/technosutra/master/modelo41.glb"
"679f35ab-c5b5-4eda-936e-60197e12d51a",2025-07-21T20:00:45Z,2025-07-21T20:01:28Z,"540c04c9-09fc-436f-957a-b842dc06a474",33,"Sthāvarā","A liberação do bodhisattva chamada a ""essência da sabedoria invencível"". O ensinamento central é que as práticas e méritos de um bodhisattva não se perdem, mas são preservados e testemunhados pela própria terra. Sthāvarā demonstra que a jornada de Sudhana é sustentada por suas próprias ações passadas, revelando a ele os frutos tangíveis de seu mérito.","Ao chegar ao bodhimaṇḍa, Sudhana é recebido por Sthāvarā e um milhão de outras deusas da terra que, em sua chegada, fazem o mundo tremer, chover flores e perfumes, e revelam tesouros da terra.","Deusa da Terra","A Estável","O bodhimaṇḍa (local da iluminação) na terra de Magadha.","Sudhana deixa o sul da Índia e chega ao bodhimaṇḍa em Magadha. Quando ele se aproxima da deusa da terra, Sthāvarā, outro milhão de deusas da terra declaram que um grande ser realizado está se aproximando. Elas manifestam uma série de aparências miraculosas. Sthāvarā afirma que Sudhana acumulou méritos neste lugar em vidas passadas e demonstra o seu resultado pisando o chão, de modo que aparecem milhões de tesouros que Sudhana sempre poderá usar.","33 STHĀVARĀ Stem Array.pdf","https://drive.google.com/file/d/1FDwkCCv-_kSXq9cbc-yf8ywD23fAlysA/view?usp=drive_link","https://technosutra21.github.io/technosutra/?model=33","https://cdn.statically.io/gh/technosutra21/technosutra/master/modelo33.glb"
"67fdd73b-96a4-46ad-8165-635cefdd2186",2025-07-21T20:00:45Z,2025-07-21T20:01:28Z,"540c04c9-09fc-436f-957a-b842dc06a474",50,"Sucandra","Sucandra declara que conhece a liberação do bodhisattva chamada ""a luz imaculada da sabedoria"" (the stainless light of wisdom).","Seguindo a indicação de Muktāsāra, Sudhana encontra o chefe de família Sucandra, presta as homenagens e faz sua pergunta sobre a conduta do bodhisattva.","Chefe de família","Boa Lua","Em uma floresta ao lado da cidade de Bharukaccha.","Sudhana encontra Sucandra, que lhe diz que sua realização está limitada à liberação bodhisattvica chamada luz inoxidável da sabedoria.","50 SUCANDRA Stem Array.pdf","https://drive.google.com/file/d/1HzymJURMepb_Sx1veZDMbkWIbjVYDRB-/view?usp=drive_link,","https://technosutra21.github.io/technosutra/?model=50","https://cdn.statically.io/gh/technosutra21/technosutra/master/modelo50.glb"
"6e61633c-0e8e-4fb0-a721-14c33951f19c",2025-07-21T20:00:45Z,2025-07-21T20:01:28Z,"540c04c9-09fc-436f-957a-b842dc06a474",51,"Ajitasena","Ajitasena afirma ter alcançado a liberação do bodhisattva chamada ""características incessantes"" (unceasing characteristics), através da qual ele obteve ""o tesouro da visão incessante dos budas"".","Sudhana chega à cidade de Roruka, aproxima-se do chefe de família Ajitasena, presta as homenagens e faz sua pergunta sobre a conduta do bodhisattva.","Chefe de família","Exército Invencível","A cidade de Roruka, na região sul.","Sudhana encontra Ajitasena, que alcançou uma liberação bodhisattvica chamada caraterísticas incessantes.","51 AJITASENA Stem Array.pdf","https://drive.google.com/file/d/1yl8abtEsit4K0mPrC4117h6LaDs2ehWI/view?usp=drive_link,","https://technosutra21.github.io/technosutra/?model=51","https://cdn.statically.io/gh/technosutra21/technosutra/master/modelo51.glb"
"70e2173a-caa6-4a9e-93b4-6d19ea9d318f",2025-07-21T20:00:45Z,2025-07-21T20:01:28Z,"540c04c9-09fc-436f-957a-b842dc06a474",11,"Bhīṣmottara­nirghoṣa","A liberação do bodhisattva chamada ""o estandarte da invencibilidade"". Este ensinamento é transmitido não verbalmente, mas através de uma experiência visionária direta, demonstrando que a verdadeira invencibilidade vem da percepção direta da realidade búdica.","Sudhana busca e encontra o ṛṣi Bhīṣmottara Nirghoṣa, um asceta com cabelos emaranhados e vestes de casca de árvore, meditando em um ashram.","Vidente","Som Supremo e Terrível","Uma floresta idílica na terra de Nālayu.","Sudhana chega a Nālayu e encontra o ṛṣi Bhīṣmottaranirghoṣa, juntamente com dez mil jovens alunos, num ashram numa floresta milagrosamente bela. Bhīṣmottaranirghoṣa fala aos seus alunos da grandeza de Sudhana, e eles fazem-lhe oferendas. Bhīṣmottaranirghoṣa diz a Sudhana que ele alcançou a liberação bodhisattvica chamada estandarte de ser invencível para os outros.","11 BHĪṢMOTTARANIRGHOṢA Stem Array.pdf","https://drive.google.com/file/d/1SLw127gIGv-I73p-U54V-BkfD9WGWSNc/view?usp=drive_link","https://technosutra21.github.io/technosutra/?model=11","https://cdn.statically.io/gh/technosutra21/technosutra/master/modelo11.glb"
"73bcff85-1034-4b24-a8ce-1d57530cee8c",2025-07-21T20:00:45Z,2025-07-21T20:01:28Z,"540c04c9-09fc-436f-957a-b842dc06a474",42,"Sutejomaṇḍala­rati­śrī","A liberação do bodhisattva chamada ""as manifestações miraculosas no nascimento dos bodhisattvas"". A deusa ensina sobre os **dez tipos de ""nascimentos""** ou estágios que um bodhisattva atravessa para nascer na ""família dos Tathāgatas"". Estes nascimentos não são literais, mas representam marcos na jornada espiritual, como a dedicação ao serviço de todos os budas, o despertar da aspiração à iluminação, a certeza no Dharma, a pureza da motivação e a realização da linhagem dos Tathāgatas.","Sudhana chega à sagrada floresta de Lumbinī e encontra a deusa ensinando o Dharma para uma vasta assembleia de duzentos mil trilhões de deusas da floresta.","Deusa da Noite","Esplendor da Alegria na Maṇḍala Luminosa","Na floresta de Lumbinī, o local de nascimento do Buda Śākyamuni.","Sudhana vai para a Floresta de Lumbinī e vê Sutejomaṇḍalaratiśrī dentro de um kūṭāgāra feito de preciosos ramos de árvores, ensinando um sūtra a milhões de deusas da floresta. Ela ensina Sudhana em prosa e novamente em verso os dez tipos de nascimento através dos quais um bodhisattva entra na família dos tathāgatas. Ela afirma que alcançou a liberação bodhisattvica chamada as manifestações miraculosas no nascimento de bodhisattvas através de todas as percepções de incontáveis kalpas.","42 SUTEJOMAṆḌALARATIŚRĪ Stem Array.pdf","https://drive.google.com/file/d/1vRGLmDBHK67XsQfNyADzuHHqLazg48bG/view?usp=drive_link","https://technosutra21.github.io/technosutra/?model=42","https://cdn.statically.io/gh/technosutra21/technosutra/master/modelo42.glb"
"7a579c67-da39-441e-8f91-188ffacaf750",2025-07-21T20:00:45Z,2025-07-21T20:01:28Z,"540c04c9-09fc-436f-957a-b842dc06a474",4,"Meghaśrī","A Liberação através da ""Atenção Plena nos Budas"" (Mindfulness of the Buddhas). A realização de Meghaśrī é uma capacidade visionária que lhe permite, ao olhar em qualquer direção, perceber um número inconcebível e exponencialmente crescente de Budas, juntamente com seus reinos, auras, assembleias e ensinamentos distintos.","Seguindo a instrução de Mañjuśrī, Sudhana viaja para a montanha Sugrīva.","Monge","Glória da Nuvem","Montanha Sugrīva, na terra de Rāmāvarānta.","Sudhana chega a Rāmāvarānta e encontra o monge Meghaśrī caminhando num planalto, no cume de uma montanha. Meghaśrī descreve como ele pode ver todos os tathāgatas em todas as direções. No entanto, ele afirma que seu conhecimento é limitado e não pode descrever as várias realizações que permitem que outros bodhisattvas vejam todos os tathāgatas.","04 MEGHAŚRĪ Stem Array.pdf","https://drive.google.com/file/d/1yEATMBo_kjkqgjNKulOmWIUlOCbzg8DV/view?usp=drive_link","https://technosutra21.github.io/technosutra/?model=4","https://cdn.statically.io/gh/technosutra21/technosutra/master/modelo4.glb"
"7c951433-7c70-4bf9-969e-8b306ccf3135",2025-07-21T20:00:45Z,2025-07-21T20:01:28Z,"540c04c9-09fc-436f-957a-b842dc06a474",53,"Śrīsaṃbhava & Śrīmati","A dupla ensina a liberação do bodhisattva chamada ""a aparência da ilusão"" (the appearance of illusion). Eles explicam que, através desta liberação, veem tudo como uma ilusão: todos os mundos, karma, aflições (kleśas), seres, os três reinos e até mesmo os śrāvakas, pratyekabuddhas e a própria conduta do bodhisattva são compreendidos como sendo de natureza ilusória, surgindo de causas e condições interdependentes e igualmente ilusórias.","Sudhana chega à cidade e se aproxima do menino e da menina.","Jovens","Origem Gloriosa e Aquela que Possui Glória","A cidade de Sumanāmukha, na região sul.","Sudhana encontra o rapaz e a garota Śrīsaṃbhava e Śrīmati. Juntos, a uma só voz, dizem que atingiram a liberação bodhisattvica chamada aparência da ilusão, através da qual vêem todos os fenómenos como ilusões. Estando limitados a essa realização, dizem a Sudhana que vá a um kūṭāgāra no sul da Índia, no qual habita o bodhisattva Maitreya. Eles descrevem as qualidades de Maitreya e dão a Sudhana conselhos sobre sua prática da conduta de bodhisattva, descrevendo longamente as qualidades que um bodhisattva precisa alcançar.","53 ŚRĪSAṂBHAVA AND ŚRĪMATI Stem Array.pdf","https://drive.google.com/file/d/1mr_VN1Wgs4lI1C_4gaipkfYEyblp-9Lp/view?usp=drive_link,","https://technosutra21.github.io/technosutra/?model=53","https://cdn.statically.io/gh/technosutra21/technosutra/master/modelo53.glb"
"807747f7-43ab-4e4d-96c4-7c4eb6b69c05",2025-07-21T20:00:45Z,2025-07-21T20:01:28Z,"540c04c9-09fc-436f-957a-b842dc06a474",17,"Vidvān","A liberação do bodhisattva chamada ""o mérito que surge do tesouro da mente"". Este ensinamento demonstra o poder de manifestar todos os requisitos materiais diretamente do céu, simplesmente através do poder da mente e da aspiração. Vidvān usa essa habilidade para satisfazer as necessidades de todos os seres e, uma vez que suas necessidades materiais são atendidas, ele os ensina o Dharma, adaptando a mensagem para guiá-los à iluminação.","Sudhana encontra Vidvān sentado em um magnífico trono de joias em uma movimentada encruzilhada, cercado por um séquito de músicos celestiais e seres que superam a beleza de devas e humanos.","Chefe de família","Sábio","Uma encruzilhada no centro da cidade de Mahāsaṃbhava.","Sudhana encontra Vidvān num trono sobre uma plataforma na encruzilhada no centro da cidade. Vidvān diz a Sudhana que ele alcançou a liberação bodhisattvica chamada o mérito que surge do tesouro da mente. Portanto, ele é capaz de fornecer aos seres tudo o que eles desejam, e ele trouxe sua comitiva de dez mil músicos para o caminho da iluminação. Sudhana vê inúmeros seres chegarem. Quando Vidvān olha para o céu, tudo o que os seres desejam desce para as mãos de Vidvān, e ele dá-lhes.","17 VIDVĀN Stem Array.pdf","https://drive.google.com/file/d/10RTf1Bcc27ITsOR6J22E3e3bNX77nyhb/view?usp=drive_link","https://technosutra21.github.io/technosutra/?model=17","https://cdn.statically.io/gh/technosutra21/technosutra/master/modelo17.glb"
"8129fb59-c019-42f6-9e63-5fa457d4955a",2025-07-21T20:00:45Z,2025-07-21T20:01:28Z,"540c04c9-09fc-436f-957a-b842dc06a474",1,"Buda Śākyamuni","Em resposta aos pedidos por ensinamento, o Buda não oferece um ensinamento verbal. Em vez disso, ele entra no samādhi chamado ""O Rugido do Leão"" (Gaping Lion). Este ato meditativo é o próprio ensinamento, uma manifestação de poder que transforma a realidade e prepara o cenário para as revelações que se seguirão.","O Buda está em um kūṭāgāra (pavilhão) magnificamente adornado em Jetavana.","Buda","O Iluminado","Jetavana, no parque de Anāthapiṇḍada em Śrāvastī.","O Buda Śākyamuni está em Jetavana em Śrāvastī com cinco mil bodhisattvas e quinhentos śrāvakas. Em suas mentes, eles desejam um ensinamento e, portanto, o Buda entra em samādhi, e incontáveis reinos búdicos aparecem ali dentro de um vasto kūṭāgāra. Os bodhisattvas também vêm de outros reinos para o Śrāvastī. Os śrāvakas, desprovidos do mérito necessário, são incapazes de ver esta exibição milagrosa.","01 THE SETTING Stem Array.pdf","https://drive.google.com/file/d/1nUGjdViJ3r4ZhfBBNxYs2hWzFUgYNfb5/view?usp=drive_link","https://technosutra21.github.io/technosutra/?model=1","https://cdn.statically.io/gh/technosutra21/technosutra/master/modelo1.glb"
"862700fe-df54-4f09-a11e-dc9eeb2e7574",2025-07-21T20:00:45Z,2025-07-21T20:01:28Z,"540c04c9-09fc-436f-957a-b842dc06a474",34,"Vāsantī","A liberação do bodhisattva chamada ""o portal para guiar os seres através da radiância do Dharma que elimina a escuridão de todos os seres"". O ensinamento de Vāsantī é a compaixão protetora em ação. Ela se dedica a ser um refúgio para todos os que sofrem, especialmente na escuridão e no perigo, usando vários métodos para protegê-los de danos físicos e guiá-los para longe do sofrimento espiritual e das visões errôneas.","Ao chegar a Kapilavastu ao anoitecer, Sudhana vê Vāsantī em um kūṭāgāra (pavilhão) de joias no céu.","Deusa da Noite","Deusa da Primavera","No céu, acima da cidade de Kapilavastu.","Sudhana chega a Kapilavastu e, após o pôr do sol, vê a deusa da noite Vāsantī no céu sobre a cidade. Ela tem um corpo dourado, e ele vê em seus poros os reinos de seres que ela libertou e suas várias emanações, e ele também ouve de seus poros os ensinamentos de Dharma que ela deu. Ela diz a Sudhana que alcançou a liberação bodhisattvica, chamada de portão para guiar os seres através da radiância do Dharma que elimina a escuridão de todos os seres. Ela descreve como ajuda vários seres que estão angustiados de várias maneiras na escuridão, e como liberta os seres da escuridão do saṃsāra e protege e salva os seres dos perigos físicos e espirituais.","34 VĀSANTĪ Stem Array.pdf","https://drive.google.com/file/d/1-8n6Tse6Ue3YEV0PDcdilxeBhydaRw3D/view?usp=drive_link","https://technosutra21.github.io/technosutra/?model=34","https://cdn.statically.io/gh/technosutra21/technosutra/master/modelo34.glb"
"89a74a56-88dc-4bac-ae75-bedfae9d3682",2025-07-21T20:00:45Z,2025-07-21T20:01:28Z,"540c04c9-09fc-436f-957a-b842dc06a474",12,"Jayoṣmāyatana","A liberação do bodhisattva chamada ""o domínio incessante"". O ensinamento é transmitido através de uma prova física radical. Ao superar seu medo e dúvida, Sudhana aprende que as instruções de um guia verdadeiro, mesmo que pareçam destrutivas, levam à transcendência. A dor se transforma em êxtase, demonstrando que a confiança e a entrega purificam a percepção.","Sudhana encontra Jayoṣmāyatana engajado em práticas ascéticas aterrorizantes.","Brâmane","Morada do Triunfo Luminoso","A terra de Īṣāṇa, onde ele está posicionado entre uma montanha de fogo e um penhasco com um caminho de navalhas.","Sudhana encontra o brâmane Jayoṣmāyatana realizando a prática ascética de sentar-se sob um penhasco cercado por quatro fogueiras e sob o sol do meio-dia. Ele diz a Sudhana que se ele subir até o topo do precipício acima e saltar dentro do fogo, terá uma conduta pura. Ao ouvir isso, Sudhana tem dúvidas sobre Jayoṣmāyatana, mas aparecem divindades no céu descrevendo como o ascetismo de Jayoṣmāyatana os beneficiou no caminho para a budeidade.","12 JAYOṢMĀYATANA Stem Array.pdf","https://drive.google.com/file/d/18AH15IUSQvMfcxtHadArTG4urbCptbjC/view?usp=drive_link","https://technosutra21.github.io/technosutra/?model=12","https://cdn.statically.io/gh/technosutra21/technosutra/master/modelo12.glb"
"903a437d-e971-4227-a31c-b23843c340a5",2025-07-21T20:00:45Z,2025-07-21T20:01:28Z,"540c04c9-09fc-436f-957a-b842dc06a474",44,"Māyādevī","A liberação do bodhisattva chamada ""a exibição das conjurações ilusórias da sabedoria da grande prece"". O ensinamento central de Māyādevī é que ela, através do poder de suas preces e de sua realização, serve como a mãe de todos os bodhisattvas em sua existência final, não apenas do Buda Śākyamuni. Sua liberação é a capacidade de fornecer o receptáculo perfeito (o útero) para o nascimento de um ser destinado à iluminação, um ato que é em si uma manifestação da sabedoria que compreende a natureza ilusória do nascimento e da existência.","Antes de encontrar Māyādevī, Sudhana é recebido por várias deusas que o guiam e preparam, ensinando-o sobre a purificação da ""cidade da mente"" como pré-requisito para encontrar um verdadeiro kalyāṇamitra.","Mãe do Buda","Ilusão, Mãe do Buda","Em um kūṭāgāra (pavilhão) miraculoso que surge do chão, em um grande lótus de joias.","Ratnanetrā, a deusa da cidade, aparece no céu para Sudhana e instrui sobre como cuidar da cidade de sua mente. Em seguida, duas deusas do corpo, Dharmapadmaśrīkuśalā e Hrīśrīmañjariprabhāvā, aparecem para ele, louvando Māyādevī e brilhando sobre Sudhana uma luz que traz realizações. Ele então encontra um rākṣasa, guardião do salão de reuniões dos bodhisattvas, que lhe ensina dois conjuntos de dez qualidades relacionadas com os kalyāṇamitras. Sudhana vê diante de si um gigantesco lótus, no centro da qual há um kūṭāgāra, dentro do qual está Māyādevī, que pode aparecer em qualquer lugar em qualquer ser sob várias formas.","44 MĀYĀDEVĪ Stem Array.pdf","https://drive.google.com/file/d/16lJFuA44mA8ZtGrN_EPxlzpkyqDtopEr/view?usp=drive_link,","https://technosutra21.github.io/technosutra/?model=44","https://cdn.statically.io/gh/technosutra21/technosutra/master/modelo44.glb"
"995ab3f3-5cf3-4427-af20-058040a90d7d",2025-07-21T20:00:45Z,2025-07-21T20:01:28Z,"540c04c9-09fc-436f-957a-b842dc06a474",20,"Anala","A liberação do bodhisattva chamada a ""realização de ilusões"" (attainment of illusions). O ensinamento central é que a compaixão pode se manifestar de formas paradoxais. Anala revela que todas as execuções e sofrimentos são meras ilusões, criadas por ele como um meio hábil para chocar e dissuadir seus súditos de cometerem os dez atos não-virtuosos. Ele ensina que um bodhisattva pode usar a compreensão da natureza ilusória dos fenômenos para guiar os seres de maneiras não convencionais.","Sudhana encontra o Rei Anala presidindo um cenário de punições terríveis.","Rei","Fogo","A cidade de Tāladhvaja, especificamente na sala do trono do rei e, posteriormente, em seu palácio.","Sudhana encontra o rei Anala sentado no trono julgando centenas de milhares de criminosos enquanto uma horda de carrascos aterrorizantes os castiga de várias maneiras, criando um lago de sangue e uma montanha de partes de corpos. Sudhana tem dúvidas sobre se o rei Anala é um bodhisattva, mas divindades aparecem no céu e dizem-lhe para não duvidar. O rei Anala leva Sudhana para o seu palácio e explica que o que ele viu é uma ilusão que o rei cria para inspirar os seres a evitarem más ações.","20 ANALA Stem Array.pdf","https://drive.google.com/file/d/1w1XCClLHCdSGgQ3_yYCQ1TWDsFcfi4J9/view?usp=drive_link","https://technosutra21.github.io/technosutra/?model=20","https://cdn.statically.io/gh/technosutra21/technosutra/master/modelo20.glb"
"a09c2d35-f367-47b1-982c-ed401b4cd51d",2025-07-21T20:00:45Z,2025-07-21T20:01:28Z,"540c04c9-09fc-436f-957a-b842dc06a474",45,"Surendrābhā","A liberação do bodhisattva chamada ""a exibição da memória pura e desimpedida"" (the display of pure, unimpeded memory). A realização de Surendrābhā é um poder de memória transcendental. Ela consegue se lembrar, com perfeita clareza, de um número inconcebível de kalpas passados e de todos os Budas que ela serviu nesses éons. Sua memória não é apenas um registro passivo; ela retém e compreende todos os ensinamentos que ouviu, lembrando-se de todo o ciclo de vida de cada Buda, desde a aspiração inicial até a extinção de seu Dharma.","Sudhana ascende ao reino celestial e encontra a deusa Surendrābhā.","Deusa dos Trinta e Três Céus","Esplendor do Senhor dos Devas","O paraíso de Trāyastriṃśa (o céu dos 33 deuses).","Sudhana chega ao Paraíso de Trāyastriṃśa e Surendrābhā diz-lhe que alcançou a liberação bodhisattvica chamada a exibição da memória pura e desimpedida. Isso a permite lembrar de servir incontáveis budas ao longo de incontáveis kalpas, desde o primeiro desenvolvimento da aspiração à iluminação até ao momento em que o seu Dharma cessa.","45 SURENDRĀBHĀ Stem Array.pdf","https://drive.google.com/file/d/1aMn6JQMtEmStrLPt4J07lP-1Ut6G3sgN/view?usp=drive_link,","https://technosutra21.github.io/technosutra/?model=45","https://cdn.statically.io/gh/technosutra21/technosutra/master/modelo45.glb"
"a4a2dd14-d341-4064-b144-eca654ad20ee",2025-07-21T20:00:45Z,2025-07-21T20:01:28Z,"540c04c9-09fc-436f-957a-b842dc06a474",32,"Mahādeva","A liberação do bodhisattva chamada a ""rede de nuvens"" (net of clouds). Este ensinamento opera de duas maneiras principais:","Shiva","Deva (divindade)","Grande Deva","Um templo na encruzilhada da cidade de Dvāravatī.","Sudhana chega à cidade chamada Dvāravatī e encontra a divindade Mahādeva num templo no centro da cidade. Quando Sudhana lhe pede instruções, ele estende os quatro braços para os quatro grandes oceanos e traz de volta água para enxaguar a boca. Ele elogia os bodhisattvas, que são tão difíceis de encontrar, e afirma que alcançou a liberação bodhisattvica chamada rede de nuvens. Por meio dessa liberação, ele manifesta montes de jóias e objetos preciosos diante de Sudhana para que ele os use como oferendas aos budas, a fim de obter mérito.","32 MAHĀDEVA Stem Array.pdf","https://drive.google.com/file/d/163vdVBOLBjVU1vG0KEgkt6k860BKy-Az/view?usp=drive_link","https://technosutra21.github.io/technosutra/?model=32","https://cdn.statically.io/gh/technosutra21/technosutra/master/modelo32.glb"
"a9cabb39-d860-497e-86ab-ef787d4fdd15",2025-07-21T20:00:45Z,2025-07-21T20:01:28Z,"540c04c9-09fc-436f-957a-b842dc06a474",5,"Sāgara­megha","A Liberação através da Contemplação da Vastidão e do Recebimento do Dharma. Sāgaramegha ensina o portal do Dharma chamado ""Olhos que Tudo Veem"" (All-Seeing Eyes), que lhe foi transmitido diretamente por um Tathāgata que surgiu de uma visão. Este ensinamento é tão vasto que todo o oceano como tinta não seria suficiente para escrevê-lo.","Sudhana o encontra e faz uma série de perguntas poéticas sobre como um bodhisattva avança no caminho.","Monge","Nuvem do Oceano","Na costa do oceano, em um distrito chamado Sāgaramukha.","Sudhana encontra-se com Sāgaramegha, que descreve como, ao concentrar-se no oceano e nas suas qualidades durante doze anos, viu surgir do oceano um buda sentado numa preciosa flor de lótus gigante, com inúmeras divindades de vários tipos a prestarem homenagens para aquele buda, que lhe concedeu um ensinamento chamado Olhos Que Tudo Vêem.","05 SĀGARAMEGHA Stem Array.pdf","https://drive.google.com/file/d/1EYvXCd9rENlfN_6k8xgK1Gn9KjNF0pUk/view?usp=drive_link","https://technosutra21.github.io/technosutra/?model=5","https://cdn.statically.io/gh/technosutra21/technosutra/master/modelo5.glb"
"b67c3032-3e9a-45bb-b3f0-121ff43bde41",2025-07-21T20:00:45Z,2025-07-21T20:01:28Z,"540c04c9-09fc-436f-957a-b842dc06a474",27,"Siṃhavijṛmbhitā","A liberação do bodhisattva chamada a ""erradicação de todo orgulho"". A partir desta realização, ela alcançou o samādhi da ""concordância com todos os Dharmas"". Seu ensinamento central é que a verdadeira sabedoria é não-conceitual e livre de ego. Apesar de suas habilidades miraculosas e conhecimento vasto, ela não se apega ao conceito de ""seres"" que ensina, aos ""Dharmas"" que ouve, ou aos ""Budas"" que vê, permanecendo sem arrogância.","Monja - senta-se em todos os tronos","Freira","Força de Leão","O Parque Sūrya Prabha na cidade de Kaliṅgavana, na terra de Śroṇāparānta. O parque é uma manifestação miraculosa da realização da monja, descrito com uma magnificência que supera os paraísos celestiais, com árvores de joias, lagos perfumados e tronos especificamente preparados para cada tipo de ser.","Sudhana chega à cidade de Kaliṅgavana na terra de Śroṇāparānta e encontra Siṃhavijṛmbhitā num parque chamado Sūryaprabha que, devido ao seu poder miraculoso, está coberto de jóias e outras manifestações miraculosas. Há tronos ao pé de árvores de jóias, em todos os quais se senta Siṃhavijṛmbhitā ensinando o Dharma a vários tipos de seres e bodhisattvas. Ela diz a Sudhana que alcançou a liberação bodhisattvica chamada a erradicação de toda a presunção, que lhe permite ir sob várias formas a vários mundos para fazer oferendas a budas e bodhisattvas.","27 SIṂHAVIJṚMBHITĀ Stem Array.pdf","https://drive.google.com/file/d/1UJiZtShyygi4EOBxdpflx8c_heOLKpYx/view?usp=drive_link","https://technosutra21.github.io/technosutra/?model=27","https://cdn.statically.io/gh/technosutra21/technosutra/master/modelo27.glb"
"b740c8b8-57f9-4af9-9b2f-256c037a9bc3",2025-07-21T20:00:45Z,2025-07-21T20:01:28Z,"540c04c9-09fc-436f-957a-b842dc06a474",46,"Viśvāmitra","O ensinamento deste kalyāṇamitra é a humildade e o reconhecimento dos próprios limites. Em vez de oferecer um discurso ou descrever uma realização complexa, Viśvāmitra age como um elo na corrente de guias. Sua função não é ensinar o conteúdo, mas apontar a direção correta, ensinando a Sudhana que o caminho envolve buscar a fonte certa para cada tipo de conhecimento específico.","Sudhana, após descer do paraíso Trāyastriṃśa, encontra Viśvāmitra, que é descrito simplesmente como um professor de crianças, e pede por ensinamentos.","Professor/Mestre","Amigo Universal","A cidade de Kapilavastu.","Sudhana desce do paraíso Trāyastriṃśa para Kapilavastu, onde Viśvāmitra, um professor infantil, simplesmente o instruiu a ir ver Śilpābhijña na mesma cidade.","46 VIŚVĀMITRA Stem Array.pdf","https://drive.google.com/file/d/1Ps6nY9o2HldlOOANyA-PJsbO_QMQ1CJn/view?usp=sharing","https://technosutra21.github.io/technosutra/?model=46","https://cdn.statically.io/gh/technosutra21/technosutra/master/modelo46.glb"
"ba42e859-8256-4d97-9298-359ab1e265c6",2025-07-21T20:00:45Z,2025-07-21T20:01:28Z,"540c04c9-09fc-436f-957a-b842dc06a474",29,"Veṣṭhila","A liberação do bodhisattva chamada ""o alcance do cume da inexauribilidade"". O ensinamento fundamental é que os Tathāgatas, na verdade, nunca entram no parinirvāṇa final; eles apenas manifestam isso como um meio hábil para inspirar os seres. Através desta compreensão, Veṣṭhila alcançou o samādhi chamado ""a exibição da família incessante dos budas"".","Sudhana encontra Veṣṭhila, um devoto que faz oferendas a um santuário que contém um trono de sândalo de um Tathāgata.","Chefe de família","O Envolvente","A cidade de Śubhapāraṃgama.","Sudhana vai para a cidade de Śubhapāraṃgama, onde encontra o chefe de família Veṣṭhila, que atingiu o samādhi chamado exibição incessante da família dos budas quando abriu a porta de um santuário. Através desse samādhi ele vê incontáveis budas do passado, presente e futuro.","29 VEṢṬHILA Stem Array.pdf","https://drive.google.com/file/d/1yNuhfoYgXviW2CNZiSg88dXwgW-mzpil/view?usp=drive_link","https://technosutra21.github.io/technosutra/?model=29","https://cdn.statically.io/gh/technosutra21/technosutra/master/modelo29.glb"
"bd1a622b-6db3-4e31-88cb-13c578354eb1",2025-07-21T20:00:45Z,2025-07-21T20:01:28Z,"540c04c9-09fc-436f-957a-b842dc06a474",9,"Sāgara­dhvaja","A Liberação da ""Visão Completa da Realização da Equanimidade"". O ensinamento não é verbal, mas uma demonstração direta através de seu samādhi. Ele manifesta, de cada parte de seu corpo, emanações que correspondem à prática e ao resultado das Dez Perfeições, mostrando como a realização de um bodhisattva beneficia ativamente todos os seres.","Sudhana encontra Sāgaradhvaja sentado em profunda meditação, imóvel e sem respirar.","Monge","Bandeira do Oceano","Milaspharaṇa, na ponta do continente de Jambudvīpa.","Sudhana chega a Milaspharaṇa e encontra o monge Sāgaradhvaja sentado em meditação no final de uma passarela de meditação. Ele está emanando vários tipos de seres, bodhisattvas e budas de diferentes partes do seu corpo, e essas emanações estão se espalhando por todos os reinos búdicos, realizando vários tipos de atividades. Sudhana senta-se diante dele durante seis meses e seis dias, até que Sāgaradhvaja se levanta de seu samādhi.","09 SĀGARADHVAJA Stem Array.pdf","https://drive.google.com/file/d/10iJh-r5hmq5Dtgx8VnYKWfaPc25d8NHT/view?usp=drive_link","https://technosutra21.github.io/technosutra/?model=9","https://cdn.statically.io/gh/technosutra21/technosutra/master/modelo9.glb"
"bf99fc85-6641-465c-9d1c-6b106fc3c09e",2025-07-21T20:00:45Z,2025-07-21T20:01:28Z,"540c04c9-09fc-436f-957a-b842dc06a474",36,"Pramudita­nayana­jagad­virocanā","A liberação do bodhisattva que demonstra a alegria incessante e ilimitada da prática das Dez Perfeições (Pāramitās) para o benefício de todos os seres. O ensinamento não é verbal, mas uma demonstração visionária.","Sudhana se aproxima da deusa, cujo nome significa ""Aquela Cujos Olhos Alegres Iluminam o Mundo"".","Deusa da Noite","Aquela que Ilumina o Mundo com Olhos Alegres","No bodhimaṇḍa, dentro da grande assembleia do Buda.","Sudhana vai para o lado sul da bodhimaṇḍa, onde vê a deusa da noite Pramuditanayanajagadvirocanā. Sudhana vê corpos emanados, tão numerosos quanto todos os seres, saindo de todos os seus poros, ensinando o caminho do bodhisattva aos seres em diferentes línguas e formas. Sudhana elogia-a em verso e depois pergunta-lhe quando é que ela alcançou a sua liberação bodhisattvica, chamada a bandeira do poder da alegria vasta, sem mácula e completamente boa.","36 PRAMUDITANAYANAJAGADVIROCANĀ Stem Array.pdf","https://drive.google.com/file/d/1g7KSQafUfQnLgZA0ZmFXXnDkanWKfuQP/view?usp=drive_link","https://technosutra21.github.io/technosutra/?model=36","https://cdn.statically.io/gh/technosutra21/technosutra/master/modelo36.glb"
"c7694d2a-eb2a-407c-a010-b3efcc10842c",2025-07-21T20:00:45Z,2025-07-21T20:01:28Z,"540c04c9-09fc-436f-957a-b842dc06a474",40,"Sarva­vṛkṣpraphullana­sukha­saṃvāsā","A liberação do bodhisattva chamada ""o surgimento da vasta luz radiante da alegria"". O ensinamento fundamental é que toda a felicidade que os seres experienciam é um reflexo do mérito e da bênção dos Tathāgatas. A alegria de um bodhisattva surge da compreensão da conduta compassiva de budas como Vairocana, que, em vidas passadas, fez votos para aliviar o sofrimento de todos os seres.","Sudhana encontra a deusa que, ao pôr do sol, influencia todos os seres a buscarem refúgio e descanso.","Deusa da Noite","Aquela que Reside na Alegria do Florescimento de Todas as Árvores","Em um kūṭāgāra (pavilhão) feito de árvores preciosas, sentada em um trono de leão feito de mudas de árvores.","A deusa da noite Sarvavṛkṣpraphullanasukhasaṃvāsā está sentada num kūṭāgāra, um trono feito de ramos preciosos. Ela conta a Sudhana como a noite faz com que os seres desejem retornar aos seus lares e como ela conduz os seres à boa conduta e à liberação. Ela afirma que alcançou a liberação bodhisattvica chamada surgimento da vasta luz irradiante da alegria, e que tem o conhecimento para reunir os seres como alunos. Através dela, lembra-se da conduta passada, do progresso e da realização do Buda, referido como Vairocana.","40 SARVAVṚKṢPRAPHULLANASUKHASAṂVĀSĀ Stem Array.pdf","https://drive.google.com/file/d/1M_rLGFCRJjHymBk4330lhPXnmBhDqPws/view?usp=drive_link","https://technosutra21.github.io/technosutra/?model=40","https://cdn.statically.io/gh/technosutra21/technosutra/master/modelo40.glb"
"cf51cd6a-ad70-4c1b-b21f-d8585e18fd98",2025-07-21T20:00:45Z,2025-07-21T20:01:28Z,"540c04c9-09fc-436f-957a-b842dc06a474",18,"Sudarśana","A liberação do bodhisattva chamada ""a exibição sem impedimentos do campo da oração"". O ensinamento central é sobre o poder da dedicação do mérito. Ratnacūḍa explica que toda a sua vasta fortuna e habilidade de ensinar o Dharma surgiram de um único ato de generosidade em uma vida passada — oferecer um grão de incenso a um Buda — que ele então dedicou a três objetivos: ver todos os kalyāṇamitras, todos os Budas e todos os bodhisattvas.","Sudhana encontra Ratnacūḍa e é convidado para sua casa, uma estrutura magnífica de dez andares, que funciona como um mandala tridimensional da jornada do bodhisattva.","Chefe de família","Coroa de Jóias","A cidade de Siṃhapota, em um mercado movimentado, e sua casa de dez andares.","Sudhana encontra Ratnacūḍa no mercado da cidade. Ratnacūḍa leva-o para a sua casa de dez andares feita de ouro. Nos primeiros quatro andares ele testemunha a atividade de generosidade dos bodhisattvas, e no quinto andar e acima ele vê bodhisattvas a discutir o Dharma. No décimo andar todos os bodhisattvas estão na sua última vida. Ratnacūḍa conta a Sudhana como, no passado, fez uma oferenda de incenso a um buda e o aroma cobriu o mundo inteiro durante uma semana.","18 RATNACŪḌA Stem Array.pdf","https://drive.google.com/file/d/1or5nj0smIXHWd8Sb19v2k3DM58ssVIqH/view?usp=drive_link","https://technosutra21.github.io/technosutra/?model=18","https://cdn.statically.io/gh/technosutra21/technosutra/master/modelo18.glb"
"d770118f-3952-4acb-9390-f1d9e5d1455f",2025-07-21T20:00:45Z,2025-07-21T20:01:28Z,"540c04c9-09fc-436f-957a-b842dc06a474",10,"Āśā","A Liberação do ""Estandarte da Bem-aventurança Sem Tristeza"" (banner of bliss without sorrow). Sua prática é a personificação da aspiração bodhisattva verdadeiramente universal e sem exceções. Ela ensina que a motivação de um bodhisattva não deve se limitar a guiar um número finito de seres ou purificar um número finito de reinos, mas deve abranger a totalidade de todos os seres em todos os reinos, sem exceção, adiando a própria iluminação final até que todos os outros sejam salvos.","Āśā está sentada em um grande trono feito da essência do ouro, adornada com uma coroa de pérolas e joias preciosas que emitem raios de luz gloriosa. Seus braços são decorados com braceletes de ouro e ela usa brincos de pendente azul escuro, todos brilhantes e radiantes.","Devota leiga","Esperança","Parque Samantavyūha na cidade de Samudravetāḍī. O parque é uma manifestação direta da mente de Āśā, descrito como um paraíso de magnificência inconcebível, com dez trilhões de mansões de joias, cem mil kūṭāgāras de ouro, milhares de palácios aéreos e um milhão de lagos perfumados com sândalo divino. No centro, ergue-se o palácio Vicitra dhvaja, feito de joias oceânicas e berilo.","Sudhana chega ao Parque Samantavyūha, que é milagrosamente belo e feito de substâncias preciosas. A upāsikā Āśā está sentada num trono dentro de um magnífico palácio, com um vasto número de seres de vários tipos a prestar-lhe homenagem. Ela diz a Sudhana que alcançou a liberação bodhisattvica, chamada estandarte da bem-aventurança sem tristeza, e conta seu passado como aluna de inúmeros budas. Ela enfatiza como os bodhisattvas são dedicados ao bem-estar de todos os seres.","10 ĀŚĀ Stem Array.pdf","https://drive.google.com/file/d/1i6Gx_VjZXE64pIfHIDJzxsmZrKbnJmXs/view?usp=drive_link","https://technosutra21.github.io/technosutra/?model=10","https://cdn.statically.io/gh/technosutra21/technosutra/master/modelo10.glb"
"d8b01915-0714-4e93-adee-334054171790",2025-07-21T20:00:45Z,2025-07-21T20:01:28Z,"540c04c9-09fc-436f-957a-b842dc06a474",3,"Manjushri","Mañjuśrī ensina aos 60 monges as ""dez motivações incansáveis"" para entrar no Mahāyāna, como a motivação para servir todos os budas, buscar todos os Dharmas e purificar todos os reinos búdicos. Para Sudhana, ele enfatiza que a base de toda a prática do bodhisattva é encontrar e seguir sem se cansar os ""kalyāṇamitras"" (amigos espirituais).","Mañjuśrī parte de Jetavana com um vasto séquito.","Bodhisattva","Belo e Auspicioso","A narrativa começa em Jetavana e segue Mañjuśrī em uma jornada para o sul, até a cidade de Dhanyākara e a floresta sagrada de Vicitra sāla dhvaja vyūha nas proximidades.","Através da benção do Buda, Śāriputra é capaz de ver Mañjuśrī, que está partindo para o Sul da Índia. Acompanhado de seus sessenta alunos, ele segue Mañjuśrī. Ele elogia Mañjuśrī ao seu aluno Sāgarabuddhi. Todos eles vão até Mañjuśrī e prestam-lhe homenagem, e Mañjuśrī ensina-lhes dez motivações. Em seguida, Mañjuśrī vai para a Floresta de Vicitrasāladhvajavyūha, perto da cidade de Dhanyākara. Mañjuśrī descreve os milagres ocorridos no nascimento de Sudhana, elogia Sudhana e ensina a ele e aos outros sobre a natureza dos budas. Mañjuśrī parte; Sudhana segue-o e, em verso, louva-o e pede ensinamentos. Mañjuśrī o instruiu a desenvolver a conduta de bodhisattva confiando em kalyāṇamitras.","03 MAÑJUŚRĪ Stem Array.pdf","https://drive.google.com/file/d/1KS-LppkNjhv-z3LbrTV3E6PcLPqKBuy9/view?usp=drive_link","https://technosutra21.github.io/technosutra/?model=3","https://cdn.statically.io/gh/technosutra21/technosutra/master/modelo3.glb"
"dfb1e88f-80ed-4b34-865b-0bd48605c52a",2025-07-21T20:00:45Z,2025-07-21T20:01:28Z,"540c04c9-09fc-436f-957a-b842dc06a474",28,"Vasumitrā","A liberação do bodhisattva chamada a ""realização completa da liberdade do desejo"". Vasumitrā ensina através da transformação direta. Usando sua beleza e formas de contato físico como meios hábeis (upāya), ela guia todos os que se aproximam dela, dominados pelo desejo, para um estado de completo desapego.","Sudhana procura por Vasumitrā e encontra uma divisão na opinião pública.","Cortesã","Amiga da Riqueza","Śubhaparaṃgama
(cidade)","Sudhana chega à cidade de Ratnavyūha na terra de Durga e procura a cortesã Vasumitrā. As pessoas que não conhecem suas qualidades perguntam-se porque é que um praticante como Sudhana iria querer vê-la enquanto aqueles que conhecem suas qualidades dizem-lhe onde é a sua casa. É vasta, composta por muitos edifícios feitos de materiais preciosos e de aspecto divino. Ela é bela e hábil em línguas e em todas as artes e tratados. O seu corpo ilumina sua residência. Ela diz a Sudhana que assume uma bela forma entre vários tipos de seres que estão sob o poder do desejo e lhes ensina o Dharma para libertá-los do desejo, e que eles também se libertam do desejo ao vê-la, tocá-la, beijá-la e assim por diante.","28 VASUMITRĀ Stem Array.pdf","https://drive.google.com/file/d/1p6LzH4_G1caU5ylXM-puG_gj6LGkXb8U/view?usp=drive_link","https://technosutra21.github.io/technosutra/?model=28","https://cdn.statically.io/gh/technosutra21/technosutra/master/modelo28.glb"
"e368f7c3-5b6f-473a-b9b4-f7dc9fc22fbb",2025-07-21T20:00:45Z,2025-07-21T20:01:28Z,"540c04c9-09fc-436f-957a-b842dc06a474",56,"Samanta­bhadra ","O ensinamento é uma transmissão direta e visionária. Samantabhadra estende a mão e a coloca sobre a cabeça de Sudhana. Com este toque, Sudhana instantaneamente alcança um estado de realização igual ao de Samantabhadra. Ele entra em inumeráveis samādhis, percebe oceanos de reinos búdicos, e sua prática se torna igual à de Samantabhadra e de todos os Tathāgatas. A culminação do ensinamento é a recitação da famosa ""Oração pela Conduta Completamente Boa"" (Bhadracarī-praṇidhāna), um conjunto de votos que encapsula a totalidade da prática Mahāyāna, servindo como um guia para todos os aspirantes.","Depois de ser estabelecido na conduta de Samantabhadra por Mañjuśrī, Sudhana, com a mente totalmente purificada e focada, anseia por ver Samantabhadra.","Bodhisattva","Completamente Bom","No bodhimaṇḍa, diante do Tathāgata Vairocana.","Sudhana tem grande realização e raízes de mérito, e por isso ocorrem dez eventos e dez luzes que são presságios do aparecimento de Samantabhadra. Sudhana vê Samantabhadra sentado diante do Buda, e vê uma variedade de eventos milagrosos que se manifestam a partir dos poros de Samantabhadra e das atividades de Samantabhadra em incontáveis reinos e através do tempo. Como resultado, ele alcança dez práticas da perfeição do conhecimento. Então Samantabhadra e todos aqueles Samantabhadras antes de cada buda colocam suas mãos sobre a cabeça de Sudhana, e ele obtém grandes realizações.","56 SAMANTABHADRA AND “THE PRAYER FOR Stem Array.pdf","https://drive.google.com/file/d/1Sh_OpQEZy2OLbkU2JHC2qN20VWY2SOnS/view?usp=drive_link","https://technosutra21.github.io/technosutra/?model=56","https://cdn.statically.io/gh/technosutra21/technosutra/master/modelo56.glb"
"e610b460-0571-422c-a3db-8ee0c0eaf01d",2025-07-21T20:00:45Z,2025-07-21T20:01:28Z,"540c04c9-09fc-436f-957a-b842dc06a474",30,"Avalokiteśvara","O ""portal sem impedimentos da grande compaixão"". Este é o ensinamento central de Avalokiteśvara, que consiste em uma prática incessante para proteger e libertar todos os seres de todos os tipos de medo e sofrimento, sem exceção. Sua compaixão não é passiva, mas uma força ativa que se manifesta de inúmeras formas para guiar os seres.","Seguindo a direção de Veṣṭhila, Sudhana finalmente chega à morada de Avalokiteśvara.","Bodhisattva","Senhor que Ouve os Clamores do Mundo","O Monte Potalaka, descrito como um paraíso terrestre, com pastagens verdejantes, nascentes cristalinas e florestas, onde Avalokiteśvara ensina em uma encosta.","Sudhana vai para a montanha Potalaka e, em seu lado ocidental, encontra Avalokiteśvara ensinando dentro de um bosque. Avalokiteśvara coloca a sua mão radiante na cabeça de Sudhana e diz-lhe que tem a liberação bodhisattvica chamada portão desimpedido para a grande compaixão. Ele descreve como beneficia os seres através de várias manifestações e emanações, libertando-os de vários tipos de medo.","30 AVALOKITEŚVARA Stem Array.pdf","https://drive.google.com/file/d/1POHHJ3eoLEmo6Sxwf98KnqZ6pgbQfSwu/view?usp=drive_link","https://technosutra21.github.io/technosutra/?model=30","https://cdn.statically.io/gh/technosutra21/technosutra/master/modelo30.glb"
"e66f1b57-7df3-44be-af1b-7b2f139a703c",2025-07-21T20:00:45Z,2025-07-21T20:01:28Z,"540c04c9-09fc-436f-957a-b842dc06a474",31,"Ananyagāmin","A liberação do bodhisattva chamada ""o surgimento de todo portal"". Este ensinamento revela a capacidade de um bodhisattva de atravessar distâncias e períodos de tempo inconcebíveis, enquanto simultaneamente beneficia todos os seres e faz oferendas a todos os budas em todos os reinos que encontra pelo caminho.","Relutantemente, mas obediente à instrução, Sudhana deixa Avalokiteśvara e se aproxima do bodhisattva Ananyagāmin, que havia chegado de forma milagrosa.","Viajante universal","Aquele que Vai Sem Obstáculos","No pico de uma montanha do sistema de mundos Sahā, tendo chegado do leste.","Sudhana vai ver o bodhisattva Ananyagāmin, que diz que no reino oriental de Śrīgarbhavatī ele alcançou a liberação bodhisattvica chamada o surgimento de cada portal aos pés do Buda Samantaśrīsaṃbhava, e que ele levou incontáveis kalpas para chegar a este mundo, embora tenha passado por incontáveis reinos a cada passo. Ele também fez oferendas a todos os budas naqueles reinos e manifestou corpos para beneficiar os seres de lá, e fez isso enquanto se aproximava deste mundo de todas as outras direções simultaneamente.","31 ANANYAGĀMIN Stem Array.pdf","https://drive.google.com/file/d/1KO6YxcDSW-KInbacyEU_N4x7CMvy5WJp/view?usp=drive_link","https://technosutra21.github.io/technosutra/?model=31","https://cdn.statically.io/gh/technosutra21/technosutra/master/modelo31.glb"
"f64d2503-209b-4cde-9bea-60a0202c8494",2025-07-21T20:00:45Z,2025-07-21T20:01:28Z,"540c04c9-09fc-436f-957a-b842dc06a474",26,"Jayottama","O portal para a conduta de bodhisattva ""onipresente"" (omnipresent). A realização de Jayottama se baseia em ""milagres não-compostos baseados na ausência de existência"", o que lhe permite estar presente e ensinar simultaneamente em todos os reinos de existência. Seu ensinamento principal é a eliminação de todas as formas de ego, possessividade e apego como o caminho para a paz e a harmonia social.","Sudhana encontra Jayottama no meio de uma assembleia cívica, rodeado por milhares de chefes de família.","Ancião da cidade","Vitória Suprema","Uma floresta de árvores ashoka chamada Vicitra Dhvaja, na periferia da cidade de Nandihāra.","Sudhana chega à cidade chamada Nandihāra e encontra Jayottama numa floresta no lado leste da cidade, falando sobre deveres cívicos a muitos milhares de chefes de família. Ele conta a Sudhana como em muitos mundos ele ensina o Dharma, pacífica disputas e guerras, guia as pessoas para longe do mau comportamento e as coloca no caminho da iluminação.","26 JAYOTTAMA Stem Array.pdf","https://drive.google.com/file/d/1-8QOFBQLr1tFsPYDt89-TdLfoJFMh9v-/view?usp=drive_link","https://technosutra21.github.io/technosutra/?model=26","https://cdn.statically.io/gh/technosutra21/technosutra/master/modelo26.glb"
"f731c4c3-416f-44cb-ae86-00beff9fa8e7",2025-07-21T20:00:45Z,2025-07-21T20:01:28Z,"540c04c9-09fc-436f-957a-b842dc06a474",43,"Gopā","A liberação do bodhisattva chamada ""o campo da visão de todos os caminhos do oceano de samādhis dos bodhisattvas"". Gopā ensina que os bodhisattvas, embora atuem no saṃsāra, não são manchados por ele. Eles compreendem a natureza ilusória dos fenômenos, mas não abandonam os seres. Sua liberação lhe permite observar, em um único instante, todos os kalpas, todos os budas que surgiram, todas as suas ações passadas, suas assembleias, seus ensinamentos e a jornada de todos os seus seguidores (śrāvakas, pratyekabuddhas e bodhisattvas) com detalhes perfeitos.","Sudhana chega ao salão de assembleia e é saudado pela deusa do salão, Aśokaśrī, que o louva por sua dedicação.","Menina","Guardiã","No salão de assembleia dos bodhisattvas chamado ""Luz Iluminadora do Reino do Dharma"", na cidade de Kapilavastu.","Sudhana chega a Kapilavastu e é saudado e elogiado por Aśokaśrī, a deusa do Salão de assembléias de Kapilavastu. Sudhana descreve-lhe o seu caminho de bodhisattva. Ela e outras deusas então fazem oferendas e o louvam em verso. Sudhana entra no salão da assembleia e vê Gopā e sua comitiva de mulheres reais, todas praticantes do caminho do bodhisattva. Em prosa e depois em verso, Gopā ensina a Sudhana as dez qualidades da conduta do bodhisattva e as dez maneiras de agradar aos kalyāṇamitras. Ela afirma que alcançou a liberação bodhisattvica chamada o alcance da visão de todos os caminhos do oceano dos samādhis dos bodhisattvas.","43 GOPĀ Stem Array.pdf","https://drive.google.com/file/d/1A7XNn3mds_EmMjDUti1TbtXtAWrMzJrp/view?usp=drive_link","https://technosutra21.github.io/technosutra/?model=43","https://cdn.statically.io/gh/technosutra21/technosutra/master/modelo43.glb"
